query_id,adaptive_candidate_id,oracle_candidate_id,adaptive_candidate_f1,oracle_f1,selection_regret,zero_regret,oracle_agreement
56be53b8acb8001400a50314,bge_small_c256_k3,minilm_c256_k3,1.0,1.0,0.0,1.0,0.0
56be5438acb8001400a5031a,minilm_c256_k5,bge_small_c512_k3,0.0,0.8571428571428571,0.8571428571428571,0.0,0.0
56be5523acb8001400a5032f,bge_small_c256_k5,minilm_c512_k3,0.4,1.0,0.6,0.0,0.0
56be8e613aeaaa14008c90d2,minilm_c256_k3,bge_small_c256_k3,0.4,1.0,0.6,0.0,0.0
56bea9923aeaaa14008c91ba,minilm_c256_k3,minilm_c256_k3,0.6666666666666666,0.6666666666666666,0.0,1.0,1.0
56beab833aeaaa14008c91d2,bge_small_c512_k3,minilm_c512_k5,0.4444444444444445,1.0,0.5555555555555556,0.0,0.0
56bead5a3aeaaa14008c91e9,bge_small_c256_k3,minilm_c256_k3,0.4,0.4,0.0,1.0,0.0
56beb7953aeaaa14008c92ac,bge_small_c512_k3,minilm_c256_k5,0.15384615384615385,1.0,0.8461538461538461,0.0,0.0
56beba103aeaaa14008c92e5,bge_small_c256_k3,minilm_c256_k5,0.1904761904761905,1.0,0.8095238095238095,0.0,0.0
56bebbbf3aeaaa14008c9317,bge_small_c256_k5,minilm_c256_k3,1.0,1.0,0.0,1.0,0.0
56bebde53aeaaa14008c9338,bge_small_c256_k3,minilm_c256_k5,0.4444444444444445,1.0,0.5555555555555556,0.0,0.0
56bec0353aeaaa14008c934e,bge_small_c512_k3,minilm_c512_k3,0.14285714285714288,1.0,0.8571428571428571,0.0,0.0
56bec5233aeaaa14008c93cf,bge_small_c512_k3,minilm_c256_k3,1.0,1.0,0.0,1.0,0.0
56bec6573aeaaa14008c93ea,bge_small_c512_k5,minilm_c256_k5,0.4444444444444445,1.0,0.5555555555555556,0.0,0.0
56bec6573aeaaa14008c93ec,minilm_c256_k3,minilm_c256_k5,0.0,1.0,1.0,0.0,0.0
56bec9133aeaaa14008c9445,bge_small_c256_k3,minilm_c256_k5,0.3636363636363636,1.0,0.6363636363636365,0.0,0.0
56bf48cc3aeaaa14008c95ab,bge_small_c256_k3,bge_small_c256_k3,0.2727272727272727,0.2727272727272727,0.0,1.0,1.0
56bf48cc3aeaaa14008c95af,bge_small_c256_k5,minilm_c256_k3,0.375,0.4,0.025000000000000022,0.0,0.0
56bf52483aeaaa14008c95c8,bge_small_c512_k5,minilm_c256_k3,0.11764705882352941,1.0,0.8823529411764706,0.0,0.0
56bf717d3aeaaa14008c9639,bge_small_c256_k5,minilm_c512_k5,0.4,0.4,0.0,1.0,0.0
56d600e31c85041400946eb1,bge_small_c512_k3,minilm_c256_k5,0.4,0.6666666666666666,0.2666666666666666,0.0,0.0
56d6ee6e0d65d21400198256,bge_small_c256_k3,minilm_c256_k3,1.0,1.0,0.0,1.0,0.0
56d6f1190d65d21400198272,bge_small_c512_k3,minilm_c256_k3,0.5,0.5,0.0,1.0,0.0
56d6f3500d65d21400198290,bge_small_c256_k3,bge_small_c512_k3,0.19999999999999998,1.0,0.8,0.0,0.0
56d703d10d65d214001982d8,bge_small_c512_k3,minilm_c256_k5,0.10526315789473684,1.0,0.8947368421052632,0.0,0.0
56d71d150d65d2140019836f,bge_small_c512_k3,bge_small_c256_k5,0.45454545454545453,1.0,0.5454545454545454,0.0,0.0
56d723ad0d65d214001983b4,bge_small_c256_k3,minilm_c512_k5,0.33333333333333337,1.0,0.6666666666666666,0.0,0.0
56d726b60d65d214001983ea,bge_small_c512_k5,minilm_c256_k3,0.5,1.0,0.5,0.0,0.0
56d729180d65d21400198428,bge_small_c256_k3,minilm_c256_k3,0.0,0.0,0.0,1.0,0.0
56d98a59dc89441400fdb52b,bge_small_c256_k3,minilm_c256_k3,0.4,0.4,0.0,1.0,0.0
56d98f0ddc89441400fdb55a,minilm_c256_k3,minilm_c256_k3,1.0,1.0,0.0,1.0,1.0
56d9b5ffdc89441400fdb721,bge_small_c256_k3,minilm_c256_k3,0.2857142857142857,0.2857142857142857,0.0,1.0,0.0
56d9c551dc89441400fdb7d2,bge_small_c256_k3,minilm_c256_k3,1.0,1.0,0.0,1.0,0.0
56d9c660dc89441400fdb7e7,bge_small_c256_k5,minilm_c256_k3,0.23529411764705882,1.0,0.7647058823529411,0.0,0.0
56d9c92bdc89441400fdb80e,minilm_c512_k3,minilm_c256_k3,1.0,1.0,0.0,1.0,0.0
56de0ed14396321400ee257b,bge_small_c512_k3,bge_small_c512_k5,0.125,0.13333333333333333,0.008333333333333331,0.0,0.0
56de15dbcffd8e1900b4b5ca,bge_small_c256_k5,minilm_c256_k3,0.11764705882352941,0.4,0.2823529411764706,0.0,0.0
56de1728cffd8e1900b4b5d7,bge_small_c256_k3,minilm_c256_k5,0.5,1.0,0.5,0.0,0.0
56de3cd0cffd8e1900b4b6bf,bge_small_c256_k5,bge_small_c512_k3,0.16666666666666669,0.19999999999999998,0.0333333333333333,0.0,0.0
56de3e414396321400ee26d8,bge_small_c256_k3,minilm_c256_k5,0.13333333333333333,1.0,0.8666666666666667,0.0,0.0
56de3f784396321400ee26fa,bge_small_c512_k3,minilm_c256_k3,0.18181818181818182,0.4,0.2181818181818182,0.0,0.0
56de40da4396321400ee2708,bge_small_c256_k3,minilm_c256_k3,1.0,1.0,0.0,1.0,0.0
56de40da4396321400ee270a,bge_small_c256_k5,minilm_c256_k5,0.4615384615384615,1.0,0.5384615384615385,0.0,0.0
56de49a8cffd8e1900b4b7a7,bge_small_c512_k3,minilm_c256_k3,0.18181818181818182,1.0,0.8181818181818181,0.0,0.0
56de4c324396321400ee27ac,bge_small_c512_k3,minilm_c256_k3,0.3636363636363636,1.0,0.6363636363636365,0.0,0.0
56de51c64396321400ee27f7,minilm_c256_k3,bge_small_c256_k3,0.18181818181818182,0.5,0.3181818181818182,0.0,0.0
56df9e2838dc4217001520f6,bge_small_c256_k5,minilm_c256_k3,1.0,1.0,0.0,1.0,0.0
56dfa01738dc42170015211f,minilm_c256_k3,bge_small_c256_k5,0.36734693877551017,0.43902439024390244,0.07167745146839227,0.0,0.0
56dfa2c54a1a83140091ebf5,bge_small_c512_k3,minilm_c256_k3,0.4,0.4,0.0,1.0,0.0
56dfb5777aa994140058e023,minilm_c256_k3,minilm_c256_k3,0.9047619047619047,0.9047619047619047,0.0,1.0,1.0
56e08a1f7aa994140058e5da,bge_small_c256_k3,minilm_c256_k5,0.2222222222222222,0.2222222222222222,0.0,1.0,0.0
56e0bb9f7aa994140058e6ce,bge_small_c512_k3,minilm_c512_k3,0.19999999999999998,0.6666666666666666,0.4666666666666667,0.0,0.0
56e0c2307aa994140058e6e0,bge_small_c256_k3,bge_small_c512_k3,0.5,1.0,0.5,0.0,0.0
56e0d402231d4119001ac3fc,bge_small_c512_k5,minilm_c512_k5,0.2857142857142857,1.0,0.7142857142857143,0.0,0.0
56e0d402231d4119001ac3fd,bge_small_c512_k5,minilm_c256_k5,0.5,0.6,0.09999999999999998,0.0,0.0
56e0d6367aa994140058e773,bge_small_c256_k3,bge_small_c256_k5,0.0,0.35294117647058826,0.35294117647058826,0.0,0.0
56e0d9e0231d4119001ac43e,bge_small_c512_k3,bge_small_c256_k3,0.25,1.0,0.75,0.0,0.0
56e0f32d231d4119001ac4cb,bge_small_c512_k5,bge_small_c256_k5,0.2222222222222222,1.0,0.7777777777777778,0.0,0.0
56e100b6cd28a01900c67406,bge_small_c256_k3,minilm_c256_k3,0.4,0.5714285714285715,0.17142857142857149,0.0,0.0
56e10412e3433e1400422abe,bge_small_c256_k5,bge_small_c256_k3,0.8627450980392156,0.8846153846153846,0.021870286576168962,0.0,0.0
56e1075ae3433e1400422afc,bge_small_c512_k5,bge_small_c256_k5,0.33333333333333337,0.33333333333333337,0.0,1.0,0.0
56e1097dcd28a01900c67491,bge_small_c256_k5,bge_small_c256_k3,0.45454545454545453,0.631578947368421,0.1770334928229665,0.0,0.0
56e10b6ee3433e1400422b25,bge_small_c256_k5,bge_small_c512_k3,0.3076923076923077,0.5,0.1923076923076923,0.0,0.0
56e10d2dcd28a01900c674da,bge_small_c512_k5,minilm_c256_k3,0.4444444444444445,0.4444444444444445,0.0,1.0,0.0
56e1127bcd28a01900c67549,bge_small_c512_k3,minilm_c512_k5,0.2857142857142857,1.0,0.7142857142857143,0.0,0.0
56e1127bcd28a01900c6754d,bge_small_c512_k5,bge_small_c256_k3,0.3157894736842105,0.35294117647058826,0.03715170278637775,0.0,0.0
56e11ba9cd28a01900c675d7,bge_small_c256_k3,minilm_c256_k3,0.4,0.4,0.0,1.0,0.0
56e11c24e3433e1400422c1b,bge_small_c512_k3,bge_small_c512_k3,0.5,0.5,0.0,1.0,1.0
56e120a1e3433e1400422c38,bge_small_c512_k5,bge_small_c256_k3,0.0,1.0,1.0,0.0,0.0
56e1239acd28a01900c67642,bge_small_c512_k5,minilm_c256_k5,0.06666666666666667,0.10526315789473684,0.03859649122807017,0.0,0.0
56e126dae3433e1400422c7e,bge_small_c256_k3,minilm_c256_k3,0.18181818181818182,0.18181818181818182,0.0,1.0,0.0
56e127bccd28a01900c6765f,bge_small_c256_k5,minilm_c512_k5,0.0,0.5,0.5,0.0,0.0
56e16839cd28a01900c67888,bge_small_c512_k3,minilm_c256_k3,0.1702127659574468,0.2285714285714286,0.05835866261398179,0.0,0.0
56e17e6ee3433e1400422f7f,bge_small_c512_k3,minilm_c256_k5,0.0,1.0,1.0,0.0,0.0
56e1b169cd28a01900c67a73,bge_small_c256_k5,bge_small_c512_k3,0.0,0.2666666666666667,0.2666666666666667,0.0,0.0
56e1b62ecd28a01900c67aa6,bge_small_c256_k3,minilm_c512_k5,0.052631578947368425,1.0,0.9473684210526315,0.0,0.0
56e1bd4acd28a01900c67afc,bge_small_c256_k5,minilm_c256_k3,1.0,1.0,0.0,1.0,0.0
56e1c0f6cd28a01900c67b2d,bge_small_c256_k3,minilm_c256_k3,0.0,0.0,0.0,1.0,0.0
56e1c4fce3433e1400423152,bge_small_c512_k3,minilm_c256_k3,0.5,0.5,0.0,1.0,0.0
56e1c7e2cd28a01900c67b74,bge_small_c256_k3,minilm_c256_k3,0.5555555555555556,0.5555555555555556,0.0,1.0,0.0
56e1ddfce3433e14004231d8,bge_small_c256_k3,minilm_c512_k3,0.16666666666666669,1.0,0.8333333333333333,0.0,0.0
56e1ded7cd28a01900c67bd6,bge_small_c512_k3,minilm_c256_k3,0.3157894736842105,0.6060606060606061,0.29027113237639557,0.0,0.0
56e1e9dfe3433e1400423200,bge_small_c512_k3,minilm_c256_k3,0.3571428571428571,1.0,0.6428571428571429,0.0,0.0
56e20a3ae3433e140042324e,minilm_c256_k3,minilm_c256_k5,0.18181818181818182,1.0,0.8181818181818181,0.0,0.0
56e749dd00c9c71400d76f54,bge_small_c512_k3,minilm_c256_k5,0.4,0.4,0.0,1.0,0.0
56e74af500c9c71400d76f65,bge_small_c256_k3,minilm_c512_k3,0.1111111111111111,0.7142857142857143,0.6031746031746033,0.0,0.0
56e74af500c9c71400d76f68,bge_small_c512_k3,minilm_c256_k3,0.2857142857142857,0.2857142857142857,0.0,1.0,0.0
56e759bb00c9c71400d77001,bge_small_c256_k3,minilm_c512_k3,0.631578947368421,0.9090909090909091,0.27751196172248804,0.0,0.0
56e75e4500c9c71400d7702e,bge_small_c256_k5,minilm_c256_k3,1.0,1.0,0.0,1.0,0.0
56e76abf37bdd419002c3f79,bge_small_c512_k5,minilm_c512_k3,0.2857142857142857,0.3636363636363636,0.07792207792207789,0.0,0.0
56e76b8337bdd419002c3f82,bge_small_c512_k5,minilm_c256_k5,0.2222222222222222,1.0,0.7777777777777778,0.0,0.0
56e76de800c9c71400d77125,bge_small_c512_k5,minilm_c512_k5,0.3333333333333333,0.6153846153846153,0.282051282051282,0.0,0.0
56e773fa00c9c71400d7714d,bge_small_c256_k3,minilm_c256_k3,0.33333333333333337,0.4444444444444445,0.1111111111111111,0.0,0.0
56e7752337bdd419002c3fd6,bge_small_c512_k5,bge_small_c256_k5,0.04545454545454545,1.0,0.9545454545454546,0.0,0.0
56e777e500c9c71400d77177,bge_small_c256_k3,minilm_c256_k3,1.0,1.0,0.0,1.0,0.0
56e77e4a00c9c71400d771b3,bge_small_c512_k5,bge_small_c256_k3,0.0,0.052631578947368425,0.052631578947368425,0.0,0.0
56e77e4a00c9c71400d771b4,bge_small_c512_k5,minilm_c512_k5,1.0,1.0,0.0,1.0,0.0
56f7e9caaef2371900625c58,bge_small_c256_k5,bge_small_c256_k5,0.3636363636363636,0.3636363636363636,0.0,1.0,1.0
56f7eba8a6d7ea1400e172cd,bge_small_c512_k5,bge_small_c256_k5,0.07407407407407407,0.25,0.17592592592592593,0.0,0.0
56f7ffadaef2371900625d5e,bge_small_c256_k3,bge_small_c512_k3,0.3157894736842105,0.8571428571428571,0.5413533834586466,0.0,0.0
56f81537aef2371900625db7,bge_small_c256_k3,minilm_c256_k3,0.35294117647058826,1.0,0.6470588235294117,0.0,0.0
56f827caa6d7ea1400e1743a,bge_small_c512_k3,minilm_c512_k3,0.5,1.0,0.5,0.0,0.0
56f827caa6d7ea1400e1743b,bge_small_c256_k3,minilm_c256_k3,0.18181818181818182,0.18181818181818182,0.0,1.0,0.0
56f82b25a6d7ea1400e17458,bge_small_c512_k3,minilm_c256_k5,0.5945945945945946,0.7142857142857143,0.11969111969111967,0.0,0.0
56f8507fa6d7ea1400e1754b,bge_small_c256_k3,minilm_c256_k3,0.5,0.5,0.0,1.0,0.0
56f8720eaef2371900626090,bge_small_c256_k3,bge_small_c256_k3,0.33333333333333337,0.33333333333333337,0.0,1.0,1.0
56f87760aef23719006260ce,bge_small_c256_k5,minilm_c256_k5,0.25,0.33333333333333337,0.08333333333333337,0.0,0.0
56f8989f9e9bad19000a01a5,bge_small_c256_k5,minilm_c256_k3,0.07407407407407407,0.11764705882352941,0.04357298474945534,0.0,0.0
56f8ac579e9bad19000a02b9,bge_small_c256_k5,bge_small_c256_k3,0.6666666666666666,0.7499999999999999,0.08333333333333326,0.0,0.0
56f8ac579e9bad19000a02bd,bge_small_c256_k3,minilm_c256_k3,0.6,0.6,0.0,1.0,0.0
56f8afbc9b226e1400dd0e09,bge_small_c512_k3,minilm_c256_k3,0.4,0.4,0.0,1.0,0.0
56f8b2499b226e1400dd0e3b,bge_small_c256_k3,bge_small_c256_k3,0.18181818181818182,0.18181818181818182,0.0,1.0,1.0
56f8c0cd9b226e1400dd0f37,bge_small_c512_k5,minilm_c256_k3,0.8571428571428571,1.0,0.1428571428571429,0.0,0.0
56f8c2ee9b226e1400dd0f48,bge_small_c256_k3,minilm_c256_k3,0.6666666666666666,0.6666666666666666,0.0,1.0,0.0
56f8c5909b226e1400dd0f7d,bge_small_c256_k3,minilm_c256_k3,0.16666666666666669,0.16666666666666669,0.0,1.0,0.0
56f8c9719e9bad19000a04e2,bge_small_c256_k3,minilm_c512_k3,0.6666666666666666,1.0,0.33333333333333337,0.0,0.0
56f8cc399e9bad19000a0515,bge_small_c256_k5,minilm_c256_k3,0.20689655172413793,0.375,0.16810344827586207,0.0,0.0
56f8ce779b226e1400dd103f,bge_small_c256_k3,bge_small_c512_k3,0.33333333333333337,1.0,0.6666666666666666,0.0,0.0
5705e63175f01819005e7723,bge_small_c256_k3,minilm_c256_k3,1.0,1.0,0.0,1.0,0.0
5705e63175f01819005e7724,bge_small_c512_k3,minilm_c256_k3,1.0,1.0,0.0,1.0,0.0
5705ec1675f01819005e7772,minilm_c256_k5,minilm_c256_k3,1.0,1.0,0.0,1.0,0.0
5705eccb52bb8914006896b9,bge_small_c512_k3,minilm_c256_k3,0.12,0.2222222222222222,0.10222222222222221,0.0,0.0
5705f09e75f01819005e77a4,bge_small_c512_k3,minilm_c256_k3,0.5,1.0,0.5,0.0,0.0
5705fb7f52bb891400689750,bge_small_c512_k3,bge_small_c512_k5,0.0,1.0,1.0,0.0,0.0
5705fc3a52bb89140068976d,bge_small_c256_k5,minilm_c256_k3,0.0,0.4,0.4,0.0,0.0
570602fa52bb8914006897a0,bge_small_c512_k5,minilm_c512_k3,0.2666666666666667,1.0,0.7333333333333333,0.0,0.0
5706155352bb891400689896,bge_small_c256_k5,minilm_c256_k3,0.25,0.25,0.0,1.0,0.0
57096505ed30961900e84086,bge_small_c256_k3,minilm_c512_k3,0.33333333333333337,0.6666666666666666,0.33333333333333326,0.0,0.0
57097b50200fba1400368050,bge_small_c256_k3,minilm_c512_k3,0.5,1.0,0.5,0.0,0.0
570d26efb3d812140066d492,minilm_c512_k3,minilm_c256_k5,0.3076923076923077,0.33333333333333337,0.02564102564102566,0.0,0.0
570d28bdb3d812140066d4a3,minilm_c512_k5,minilm_c512_k3,0.35294117647058826,0.375,0.022058823529411742,0.0,0.0
570d2af0fed7b91900d45c94,bge_small_c256_k3,minilm_c256_k3,0.7272727272727273,0.7272727272727273,0.0,1.0,0.0
570d4606b3d812140066d61d,bge_small_c512_k5,bge_small_c256_k5,0.13333333333333333,0.19999999999999998,0.06666666666666665,0.0,0.0
57106185b654c5140001f8de,bge_small_c256_k3,minilm_c512_k5,0.23529411764705882,1.0,0.7647058823529411,0.0,0.0
571090abb654c5140001f996,bge_small_c256_k3,minilm_c256_k3,0.10526315789473684,0.19999999999999998,0.09473684210526315,0.0,0.0
571090abb654c5140001f999,bge_small_c256_k3,minilm_c256_k5,0.25,0.33333333333333337,0.08333333333333337,0.0,0.0
57109180a58dae1900cd6a40,bge_small_c256_k5,minilm_c256_k3,1.0,1.0,0.0,1.0,0.0
57109180a58dae1900cd6a44,bge_small_c256_k3,minilm_c256_k3,0.2222222222222222,0.2222222222222222,0.0,1.0,0.0
571095a8a58dae1900cd6a7a,bge_small_c256_k3,minilm_c256_k3,0.47058823529411764,1.0,0.5294117647058824,0.0,0.0
5710968aa58dae1900cd6a89,bge_small_c256_k3,bge_small_c256_k3,0.11764705882352941,0.11764705882352941,0.0,1.0,1.0
571098f8a58dae1900cd6ab3,minilm_c256_k3,minilm_c512_k5,0.25,0.8,0.55,0.0,0.0
5710e9f8a58dae1900cd6b31,bge_small_c512_k3,minilm_c256_k3,1.0,1.0,0.0,1.0,0.0
57111713a58dae1900cd6c00,bge_small_c512_k5,bge_small_c256_k5,0.14285714285714285,0.2857142857142857,0.14285714285714285,0.0,0.0
57112686b654c5140001fbd7,bge_small_c512_k3,bge_small_c256_k5,0.20689655172413793,1.0,0.7931034482758621,0.0,0.0
571126dfa58dae1900cd6cb2,bge_small_c512_k3,minilm_c256_k3,0.25,0.25,0.0,1.0,0.0
571135b8a58dae1900cd6d0f,bge_small_c256_k3,bge_small_c512_k5,0.5,1.0,0.5,0.0,0.0
57113c6da58dae1900cd6d36,bge_small_c512_k3,minilm_c256_k3,1.0,1.0,0.0,1.0,0.0
57114e8d50c2381900b54a5c,bge_small_c512_k3,minilm_c256_k5,0.33333333333333337,1.0,0.6666666666666666,0.0,0.0
571153422419e3140095557f,bge_small_c256_k3,minilm_c256_k3,0.4,0.4,0.0,1.0,0.0
5711623e50c2381900b54abc,bge_small_c256_k3,minilm_c256_k3,1.0,1.0,0.0,1.0,0.0
571163172419e314009555e9,bge_small_c256_k3,minilm_c256_k3,0.3076923076923077,1.0,0.6923076923076923,0.0,0.0
571163172419e314009555eb,bge_small_c256_k3,minilm_c256_k3,1.0,1.0,0.0,1.0,0.0
5711651050c2381900b54acd,bge_small_c256_k3,minilm_c256_k5,0.14285714285714288,1.0,0.8571428571428571,0.0,0.0
5711658e50c2381900b54ad8,bge_small_c512_k5,minilm_c256_k3,1.0,1.0,0.0,1.0,0.0
571a484210f8ca1400304fc0,bge_small_c256_k3,bge_small_c256_k5,0.5,1.0,0.5,0.0,0.0
571a49de4faf5e1900b8a94a,bge_small_c512_k3,bge_small_c256_k5,0.33333333333333337,1.0,0.6666666666666666,0.0,0.0
571a4b0f10f8ca1400304fd6,bge_small_c256_k3,minilm_c256_k3,0.33333333333333337,1.0,0.6666666666666666,0.0,0.0
571a4d1a4faf5e1900b8a95b,bge_small_c512_k3,minilm_c256_k3,1.0,1.0,0.0,1.0,0.0
571a4ead10f8ca1400304fde,bge_small_c256_k3,minilm_c256_k3,1.0,1.0,0.0,1.0,0.0
571a52cb4faf5e1900b8a968,bge_small_c512_k5,minilm_c512_k3,0.0,0.5,0.5,0.0,0.0
571c879bdd7acb1400e4c0ef,bge_small_c256_k3,minilm_c512_k3,0.2857142857142857,1.0,0.7142857142857143,0.0,0.0
571c91c8dd7acb1400e4c10e,minilm_c512_k3,minilm_c256_k3,0.3636363636363636,0.5,0.1363636363636364,0.0,0.0
571c97e2dd7acb1400e4c11f,bge_small_c256_k3,bge_small_c256_k5,0.375,0.5,0.125,0.0,0.0
571caac55efbb31900334dc7,bge_small_c512_k3,minilm_c256_k3,0.12121212121212122,0.4444444444444445,0.32323232323232326,0.0,0.0
571cb010dd7acb1400e4c129,bge_small_c512_k3,minilm_c512_k3,0.33333333333333337,0.4,0.06666666666666665,0.0,0.0
571cb010dd7acb1400e4c12c,bge_small_c256_k3,minilm_c256_k5,0.0689655172413793,0.125,0.056034482758620704,0.0,0.0
571cca4add7acb1400e4c152,bge_small_c512_k3,minilm_c256_k3,1.0,1.0,0.0,1.0,0.0
571ccd9b5efbb31900334df8,bge_small_c512_k5,minilm_c256_k3,0.058823529411764705,0.2608695652173913,0.20204603580562658,0.0,0.0
571ccfbadd7acb1400e4c164,bge_small_c256_k3,minilm_c512_k3,1.0,1.0,0.0,1.0,0.0
571cd88ddd7acb1400e4c18d,bge_small_c256_k3,minilm_c256_k5,0.2857142857142857,1.0,0.7142857142857143,0.0,0.0
5725b76389a1e219009abd4e,bge_small_c256_k5,bge_small_c256_k3,0.12121212121212122,0.1951219512195122,0.07390983000739099,0.0,0.0
5725b7f389a1e219009abd5e,bge_small_c512_k3,minilm_c256_k3,0.5714285714285715,0.5714285714285715,0.0,1.0,0.0
5725bad5271a42140099d0bd,bge_small_c512_k3,minilm_c256_k5,0.3333333333333333,1.0,0.6666666666666667,0.0,0.0
5725bc7138643c19005acc1d,bge_small_c256_k3,minilm_c256_k3,0.2666666666666667,1.0,0.7333333333333333,0.0,0.0
5725be0f271a42140099d11b,bge_small_c256_k3,minilm_c512_k5,0.6153846153846153,0.8947368421052632,0.27935222672064786,0.0,0.0
5725c01389a1e219009abdd9,bge_small_c512_k3,minilm_c512_k3,0.25,1.0,0.75,0.0,0.0
5725c071271a42140099d12a,bge_small_c256_k3,bge_small_c256_k5,0.47058823529411764,0.6666666666666666,0.196078431372549,0.0,0.0
5725c2a038643c19005acc6b,bge_small_c256_k3,minilm_c256_k3,0.14545454545454545,0.47058823529411764,0.3251336898395722,0.0,0.0
5725c337271a42140099d164,bge_small_c256_k5,minilm_c256_k5,1.0,1.0,0.0,1.0,0.0
5725c41eec44d21400f3d50b,bge_small_c256_k5,minilm_c256_k3,0.0,0.0,0.0,1.0,0.0
5725c69738643c19005accbb,bge_small_c512_k3,minilm_c256_k5,0.9090909090909091,0.9090909090909091,0.0,1.0,0.0
5725c743ec44d21400f3d54c,bge_small_c256_k5,minilm_c256_k3,0.4444444444444445,0.5,0.055555555555555525,0.0,0.0
5725c948ec44d21400f3d577,bge_small_c256_k3,bge_small_c256_k5,0.3157894736842105,0.4444444444444445,0.12865497076023397,0.0,0.0
5725cb33271a42140099d1df,bge_small_c256_k5,bge_small_c512_k5,0.18181818181818182,0.2857142857142857,0.10389610389610388,0.0,0.0
5725cb4a89a1e219009abecc,bge_small_c512_k5,minilm_c256_k3,0.6666666666666666,1.0,0.33333333333333337,0.0,0.0
5725ce4d38643c19005acd4f,bge_small_c256_k3,bge_small_c256_k3,0.5,0.5,0.0,1.0,1.0
5725ceb989a1e219009abf0e,bge_small_c256_k5,minilm_c512_k5,1.0,1.0,0.0,1.0,0.0
5725d34089a1e219009abf51,bge_small_c256_k3,minilm_c256_k3,0.56,0.6666666666666667,0.10666666666666669,0.0,0.0
5725d61038643c19005acdd5,bge_small_c512_k5,minilm_c256_k3,1.0,1.0,0.0,1.0,0.0
5725d662ec44d21400f3d68b,bge_small_c512_k3,minilm_c256_k3,0.33333333333333337,1.0,0.6666666666666666,0.0,0.0
5725dd1689a1e219009abfe3,bge_small_c512_k3,minilm_c256_k3,0.9523809523809523,1.0,0.04761904761904767,0.0,0.0
5725e28f38643c19005ace24,bge_small_c512_k3,minilm_c256_k3,1.0,1.0,0.0,1.0,0.0
5725e36f89a1e219009ac03c,bge_small_c256_k3,minilm_c256_k5,0.33333333333333337,0.8,0.4666666666666667,0.0,0.0
5725e44238643c19005ace36,bge_small_c256_k3,minilm_c256_k3,1.0,1.0,0.0,1.0,0.0
5725eb8a38643c19005ace7f,bge_small_c256_k5,bge_small_c256_k5,0.3157894736842105,0.3157894736842105,0.0,1.0,1.0
5725edfe38643c19005acea1,bge_small_c256_k3,minilm_c256_k5,0.19999999999999998,0.19999999999999998,0.0,1.0,0.0
5725ee6438643c19005aceb4,minilm_c512_k5,minilm_c256_k3,0.0,0.0,0.0,1.0,0.0
5725f39638643c19005acefa,bge_small_c512_k3,bge_small_c256_k3,0.0,1.0,1.0,0.0,0.0
5725ff8238643c19005acf4a,bge_small_c256_k3,minilm_c256_k3,0.3636363636363636,0.3636363636363636,0.0,1.0,0.0
57261f9f271a42140099d4ab,bge_small_c256_k3,minilm_c512_k3,0.5,1.0,0.5,0.0,0.0
5726241189a1e219009ac2de,bge_small_c256_k3,minilm_c256_k3,0.05405405405405406,0.25,0.19594594594594594,0.0,0.0
5726385e271a42140099d799,bge_small_c512_k5,minilm_c512_k3,0.6666666666666667,1.0,0.33333333333333326,0.0,0.0
57263cfcec44d21400f3dc90,bge_small_c256_k3,minilm_c256_k3,0.14285714285714285,0.5,0.35714285714285715,0.0,0.0
572643de5951261400b5195c,bge_small_c256_k3,bge_small_c512_k5,0.625,0.7142857142857143,0.0892857142857143,0.0,0.0
572646655951b619008f6ec0,bge_small_c256_k3,bge_small_c512_k3,0.16666666666666669,0.19999999999999998,0.0333333333333333,0.0,0.0
572646655951b619008f6ec3,bge_small_c256_k3,minilm_c256_k3,0.2857142857142857,1.0,0.7142857142857143,0.0,0.0
57264684708984140094c125,bge_small_c256_k3,minilm_c256_k3,0.5000000000000001,0.5000000000000001,0.0,1.0,0.0
572647935951b619008f6ecb,bge_small_c256_k3,minilm_c512_k3,0.15384615384615385,1.0,0.8461538461538461,0.0,0.0
572647e2dd62a815002e805c,bge_small_c512_k3,minilm_c256_k5,0.10526315789473685,0.11320754716981131,0.00794438927507446,0.0,0.0
57264865dd62a815002e8063,bge_small_c256_k3,minilm_c256_k3,0.6,0.6,0.0,1.0,0.0
572648e8dd62a815002e8076,bge_small_c512_k3,minilm_c256_k3,0.33333333333333337,1.0,0.6666666666666666,0.0,0.0
572648e8dd62a815002e8077,bge_small_c512_k3,minilm_c512_k3,0.2105263157894737,0.5333333333333333,0.32280701754385965,0.0,0.0
572648e8dd62a815002e8078,bge_small_c256_k3,bge_small_c512_k3,0.2222222222222222,1.0,0.7777777777777778,0.0,0.0
572648ed5951b619008f6f05,bge_small_c256_k3,bge_small_c256_k5,0.14634146341463417,0.2727272727272727,0.12638580931263854,0.0,0.0
57264b1ddd62a815002e80a3,bge_small_c512_k5,bge_small_c256_k3,0.4878048780487805,0.5714285714285714,0.08362369337979092,0.0,0.0
57264cac708984140094c1b7,bge_small_c256_k5,minilm_c512_k3,0.19999999999999998,1.0,0.8,0.0,0.0
57264d58f1498d1400e8db7a,bge_small_c256_k3,minilm_c256_k3,0.0,0.0,0.0,1.0,0.0
5726509bdd62a815002e815d,bge_small_c256_k3,minilm_c256_k5,0.6086956521739131,0.782608695652174,0.17391304347826086,0.0,0.0
572654e2708984140094c2b7,bge_small_c512_k5,minilm_c512_k3,0.23255813953488372,0.6666666666666666,0.43410852713178294,0.0,0.0
572658435951b619008f7028,minilm_c256_k3,bge_small_c512_k5,0.30769230769230765,0.5,0.19230769230769235,0.0,0.0
57265bdfdd62a815002e82a0,bge_small_c512_k5,minilm_c256_k3,0.125,1.0,0.875,0.0,0.0
57265ceddd62a815002e82b8,bge_small_c512_k5,minilm_c256_k3,0.19999999999999998,0.19999999999999998,0.0,1.0,0.0
57265d86f1498d1400e8dd54,bge_small_c256_k5,minilm_c512_k5,0.2666666666666667,0.3076923076923077,0.04102564102564099,0.0,0.0
57266193dd62a815002e832d,bge_small_c256_k5,minilm_c256_k5,0.0,0.16666666666666669,0.16666666666666669,0.0,0.0
5726642f5951b619008f7158,bge_small_c512_k3,minilm_c512_k5,0.1818181818181818,0.6666666666666666,0.48484848484848486,0.0,0.0
5726642f5951b619008f7159,bge_small_c256_k3,minilm_c512_k3,0.19999999999999998,0.5333333333333333,0.33333333333333337,0.0,0.0
5726651ff1498d1400e8de31,bge_small_c256_k3,minilm_c256_k5,0.33333333333333337,0.33333333333333337,0.0,1.0,0.0
5726660d5951b619008f71b1,bge_small_c256_k5,minilm_c512_k3,0.21052631578947367,1.0,0.7894736842105263,0.0,0.0
572666d9dd62a815002e83b7,minilm_c512_k3,minilm_c256_k3,0.0,0.0,0.0,1.0,0.0
572667e2f1498d1400e8de91,bge_small_c512_k5,bge_small_c512_k3,0.4,0.6153846153846153,0.21538461538461529,0.0,0.0
57266ab3dd62a815002e8435,bge_small_c256_k3,minilm_c512_k5,0.4,1.0,0.6,0.0,0.0
57266dd4f1498d1400e8df7b,bge_small_c512_k3,minilm_c256_k5,0.33333333333333337,0.33333333333333337,0.0,1.0,0.0
57266e72f1498d1400e8df8f,minilm_c512_k3,minilm_c256_k3,0.5000000000000001,0.5238095238095238,0.023809523809523725,0.0,0.0
57266ec2dd62a815002e84a1,bge_small_c256_k3,bge_small_c256_k3,0.7499999999999999,0.7499999999999999,0.0,1.0,1.0
57267ebfdd62a815002e872f,bge_small_c512_k3,minilm_c256_k3,0.0,0.0,0.0,1.0,0.0
572680ac708984140094c841,bge_small_c512_k3,minilm_c256_k3,0.2222222222222222,1.0,0.7777777777777778,0.0,0.0
57268109f1498d1400e8e1fd,bge_small_c512_k3,minilm_c256_k3,1.0,1.0,0.0,1.0,0.0
572681ab708984140094c85f,bge_small_c256_k3,minilm_c256_k3,0.2857142857142857,1.0,0.7142857142857143,0.0,0.0
57268294708984140094c87a,bge_small_c512_k5,minilm_c256_k3,0.6086956521739131,0.7368421052631579,0.12814645308924477,0.0,0.0
572685d1f1498d1400e8e2a0,bge_small_c512_k3,minilm_c256_k3,1.0,1.0,0.0,1.0,0.0
57268731f1498d1400e8e2e6,bge_small_c256_k3,minilm_c256_k3,0.0,0.0,0.0,1.0,0.0
572687e1dd62a815002e8854,bge_small_c512_k3,minilm_c256_k3,1.0,1.0,0.0,1.0,0.0
57268b43dd62a815002e88f1,bge_small_c512_k3,minilm_c256_k3,0.5714285714285715,0.5714285714285715,0.0,1.0,0.0
57268bf9dd62a815002e890d,bge_small_c256_k3,minilm_c512_k3,0.8108108108108109,0.8108108108108109,0.0,1.0,0.0
57268d1b708984140094c9d0,bge_small_c512_k3,minilm_c256_k3,0.0909090909090909,0.1,0.009090909090909108,0.0,0.0
57268f2bf1498d1400e8e3c5,bge_small_c512_k5,bge_small_c512_k5,0.33333333333333326,0.33333333333333326,0.0,1.0,1.0
57268f2c708984140094ca25,bge_small_c256_k3,bge_small_c256_k5,0.5882352941176471,0.888888888888889,0.30065359477124187,0.0,0.0
572691bedd62a815002e89de,bge_small_c512_k3,minilm_c256_k3,0.6,1.0,0.4,0.0,0.0
572698d7dd62a815002e8a9b,bge_small_c256_k5,minilm_c256_k3,1.0,1.0,0.0,1.0,0.0
57269b165951b619008f77b5,bge_small_c256_k5,minilm_c256_k3,0.3076923076923077,0.3076923076923077,0.0,1.0,0.0
5726a340dd62a815002e8bbd,bge_small_c256_k3,minilm_c256_k3,1.0,1.0,0.0,1.0,0.0
5726a5b5f1498d1400e8e5fe,bge_small_c512_k3,minilm_c256_k3,1.0,1.0,0.0,1.0,0.0
5726a5f65951b619008f7903,bge_small_c512_k3,minilm_c256_k3,0.2222222222222222,0.2222222222222222,0.0,1.0,0.0
5726ba2c708984140094cf5b,bge_small_c256_k3,minilm_c256_k5,0.33333333333333337,1.0,0.6666666666666666,0.0,0.0
5726bc1add62a815002e8ea6,bge_small_c256_k5,minilm_c512_k3,0.32,0.47058823529411764,0.15058823529411763,0.0,0.0
5726bf325951b619008f7cfd,bge_small_c512_k3,bge_small_c256_k5,0.16666666666666669,0.4615384615384615,0.2948717948717948,0.0,0.0
5726c002708984140094d076,minilm_c256_k3,minilm_c256_k5,0.20689655172413793,1.0,0.7931034482758621,0.0,0.0
5726c0c5dd62a815002e8f7a,bge_small_c256_k5,minilm_c256_k3,1.0,1.0,0.0,1.0,0.0
5726c3b3708984140094d0d1,bge_small_c256_k5,minilm_c256_k3,1.0,1.0,0.0,1.0,0.0
5726c3b3708984140094d0d3,bge_small_c256_k5,bge_small_c512_k5,0.42857142857142855,1.0,0.5714285714285714,0.0,0.0
5726c5a9f1498d1400e8eac7,bge_small_c256_k3,bge_small_c256_k5,0.10256410256410256,0.36734693877551017,0.26478283621140764,0.0,0.0
5726c61ff1498d1400e8eae3,bge_small_c256_k3,minilm_c256_k3,0.23076923076923078,0.2727272727272727,0.041958041958041925,0.0,0.0
5726c9b0dd62a815002e9047,minilm_c256_k5,minilm_c256_k5,0.125,0.125,0.0,1.0,1.0
5726c9b0dd62a815002e904a,bge_small_c512_k5,minilm_c256_k3,1.0,1.0,0.0,1.0,0.0
5726ce11f1498d1400e8ebc4,bge_small_c256_k3,bge_small_c512_k3,0.38095238095238093,1.0,0.6190476190476191,0.0,0.0
5726d993f1498d1400e8ed16,bge_small_c256_k3,minilm_c256_k3,1.0,1.0,0.0,1.0,0.0
5726dd71f1498d1400e8eddc,bge_small_c512_k3,minilm_c512_k3,1.0,1.0,0.0,1.0,0.0
5726de7a5951b619008f80ab,bge_small_c256_k5,minilm_c256_k3,0.5,0.5,0.0,1.0,0.0
5726e313f1498d1400e8eeb6,minilm_c512_k3,minilm_c512_k3,0.4680851063829787,0.4680851063829787,0.0,1.0,1.0
5726e5ac708984140094d51e,bge_small_c512_k3,minilm_c512_k3,0.23529411764705882,0.888888888888889,0.6535947712418302,0.0,0.0
5726eb76f1498d1400e8efdb,bge_small_c256_k3,minilm_c256_k3,0.3225806451612903,0.5714285714285715,0.2488479262672812,0.0,0.0
5726ee28708984140094d659,bge_small_c256_k5,bge_small_c512_k3,0.7272727272727273,1.0,0.2727272727272727,0.0,0.0
5726efdbdd62a815002e95c6,bge_small_c512_k3,minilm_c256_k3,0.6,1.0,0.4,0.0,0.0
5726f4a0708984140094d6ea,bge_small_c256_k3,bge_small_c512_k5,0.25,1.0,0.75,0.0,0.0
572700c8dd62a815002e976b,bge_small_c512_k3,bge_small_c256_k3,0.0,1.0,1.0,0.0,0.0
5727213c708984140094da35,bge_small_c512_k3,minilm_c256_k3,1.0,1.0,0.0,1.0,0.0
572726c9708984140094da7b,bge_small_c256_k3,minilm_c512_k5,0.6808510638297872,1.0,0.3191489361702128,0.0,0.0
5727311d5951b619008f86ac,bge_small_c256_k3,minilm_c256_k3,0.125,0.4,0.275,0.0,0.0
57273455f1498d1400e8f48e,bge_small_c256_k3,bge_small_c256_k3,0.6363636363636364,0.6363636363636364,0.0,1.0,1.0
572734af708984140094dae5,bge_small_c512_k3,bge_small_c256_k5,0.2857142857142857,0.2857142857142857,0.0,1.0,0.0
57273799f1498d1400e8f4c1,bge_small_c512_k3,minilm_c256_k5,0.09523809523809525,0.2857142857142857,0.19047619047619047,0.0,0.0
57273a465951b619008f86ff,bge_small_c256_k3,minilm_c512_k3,0.0,0.08333333333333333,0.08333333333333333,0.0,0.0
57273a465951b619008f8703,bge_small_c256_k3,minilm_c256_k5,0.4,0.4,0.0,1.0,0.0
57273d8bf1498d1400e8f500,bge_small_c256_k3,minilm_c256_k3,0.5882352941176471,0.5882352941176471,0.0,1.0,0.0
57273e50dd62a815002e9a05,bge_small_c512_k3,minilm_c256_k3,0.6153846153846153,0.6666666666666666,0.05128205128205132,0.0,0.0
57273eecf1498d1400e8f51e,bge_small_c256_k3,minilm_c256_k5,0.3636363636363636,1.0,0.6363636363636365,0.0,0.0
57273f27dd62a815002e9a0b,bge_small_c512_k3,minilm_c512_k5,0.0,1.0,1.0,0.0,0.0
57274046dd62a815002e9a16,bge_small_c256_k3,minilm_c512_k3,0.02777777777777778,0.03636363636363636,0.008585858585858582,0.0,0.0
5727404b708984140094db5c,bge_small_c512_k3,minilm_c512_k3,0.16666666666666669,0.4,0.23333333333333334,0.0,0.0
57274118dd62a815002e9a1d,minilm_c256_k3,minilm_c256_k3,1.0,1.0,0.0,1.0,1.0
5727448b5951b619008f87a2,minilm_c256_k3,minilm_c256_k3,0.2222222222222222,0.2222222222222222,0.0,1.0,1.0
5727478cf1498d1400e8f59b,minilm_c256_k3,minilm_c256_k3,1.0,1.0,0.0,1.0,1.0
57274b35f1498d1400e8f5d4,bge_small_c256_k5,minilm_c256_k3,0.2222222222222222,0.2222222222222222,0.0,1.0,0.0
57274b35f1498d1400e8f5d6,bge_small_c256_k3,minilm_c256_k3,0.3076923076923077,0.3076923076923077,0.0,1.0,0.0
57274d9bf1498d1400e8f5f9,bge_small_c512_k3,minilm_c256_k3,0.2857142857142857,0.8,0.5142857142857143,0.0,0.0
57274e145951b619008f87e9,bge_small_c256_k5,minilm_c256_k3,0.25,0.25,0.0,1.0,0.0
57274e6a5951b619008f87f4,bge_small_c256_k3,minilm_c256_k3,1.0,1.0,0.0,1.0,0.0
5727504b5951b619008f881d,bge_small_c512_k5,minilm_c256_k3,0.25,0.2857142857142857,0.0357142857142857,0.0,0.0
57275573708984140094dc47,bge_small_c512_k3,minilm_c512_k3,0.14285714285714288,1.0,0.8571428571428571,0.0,0.0
572756fe708984140094dc72,bge_small_c256_k3,minilm_c256_k3,0.125,0.19999999999999998,0.07499999999999998,0.0,0.0
572759dbdd62a815002e9b94,bge_small_c256_k3,bge_small_c256_k5,0.13333333333333333,0.6666666666666666,0.5333333333333333,0.0,0.0
57275a505951b619008f88a0,bge_small_c256_k3,minilm_c256_k3,1.0,1.0,0.0,1.0,0.0
57275bfb708984140094dc9b,bge_small_c512_k3,minilm_c256_k3,0.5,0.5714285714285715,0.07142857142857151,0.0,0.0
57275cb3f1498d1400e8f6dc,bge_small_c512_k3,minilm_c256_k3,1.0,1.0,0.0,1.0,0.0
572771a5f1498d1400e8f840,bge_small_c256_k5,minilm_c256_k5,0.0,1.0,1.0,0.0,0.0
57277373dd62a815002e9d25,bge_small_c256_k5,bge_small_c256_k3,0.2857142857142857,0.3684210526315789,0.08270676691729323,0.0,0.0
57277585708984140094de2d,bge_small_c256_k5,minilm_c256_k3,1.0,1.0,0.0,1.0,0.0
5727aa413acd2414000de921,minilm_c256_k3,minilm_c256_k3,1.0,1.0,0.0,1.0,1.0
5727b0892ca10214002d93e9,bge_small_c256_k3,bge_small_c512_k3,0.6,0.8571428571428571,0.2571428571428571,0.0,0.0
5727c0402ca10214002d9564,bge_small_c256_k3,minilm_c256_k5,0.125,1.0,0.875,0.0,0.0
5727c94bff5b5019007d954d,bge_small_c512_k3,minilm_c512_k5,0.5714285714285715,1.0,0.4285714285714285,0.0,0.0
5727c94bff5b5019007d954e,bge_small_c512_k3,minilm_c256_k5,0.16666666666666669,1.0,0.8333333333333333,0.0,0.0
5727cff1ff5b5019007d95c5,bge_small_c512_k5,minilm_c256_k3,0.08695652173913045,0.4,0.3130434782608696,0.0,0.0
5727cff1ff5b5019007d95c7,bge_small_c512_k5,minilm_c512_k5,0.0,1.0,1.0,0.0,0.0
5727e9523acd2414000def95,minilm_c256_k3,bge_small_c512_k5,0.0,0.4444444444444445,0.4444444444444445,0.0,0.0
5727f2714b864d1900164074,bge_small_c256_k3,minilm_c256_k3,0.42857142857142855,0.42857142857142855,0.0,1.0,0.0
5727f3193acd2414000df0a8,bge_small_c256_k3,bge_small_c512_k3,0.16666666666666669,1.0,0.8333333333333333,0.0,0.0
5727f746ff5b5019007d9960,minilm_c256_k5,minilm_c512_k5,0.16666666666666669,1.0,0.8333333333333333,0.0,0.0
5727fc37ff5b5019007d9a18,bge_small_c512_k3,bge_small_c256_k3,0.12121212121212122,0.1904761904761905,0.06926406926406928,0.0,0.0
5728023a4b864d19001641f7,bge_small_c512_k3,minilm_c256_k5,0.3636363636363636,1.0,0.6363636363636365,0.0,0.0
572807802ca10214002d9bf9,bge_small_c512_k3,minilm_c256_k3,0.33333333333333337,0.33333333333333337,0.0,1.0,0.0
57280b2b2ca10214002d9c67,bge_small_c256_k5,bge_small_c256_k3,0.33333333333333337,0.8,0.4666666666666667,0.0,0.0
57280cac2ca10214002d9ca9,bge_small_c256_k5,minilm_c256_k5,0.09523809523809523,0.19999999999999998,0.10476190476190475,0.0,0.0
572810ec2ca10214002d9d07,bge_small_c256_k3,bge_small_c256_k3,0.5,0.5,0.0,1.0,1.0
572813b52ca10214002d9d6c,bge_small_c256_k3,minilm_c256_k3,1.0,1.0,0.0,1.0,0.0
572819864b864d1900164481,bge_small_c256_k3,minilm_c256_k3,0.15384615384615385,1.0,0.8461538461538461,0.0,0.0
5728303e4b864d19001646ad,bge_small_c256_k3,bge_small_c512_k3,0.5,1.0,0.5,0.0,0.0
5728349dff5b5019007d9f02,bge_small_c256_k3,minilm_c256_k5,0.0,0.18181818181818182,0.18181818181818182,0.0,0.0
57283d173acd2414000df790,bge_small_c256_k3,bge_small_c512_k3,0.16666666666666669,1.0,0.8333333333333333,0.0,0.0
57283d173acd2414000df793,bge_small_c256_k3,bge_small_c512_k5,0.2,0.3636363636363636,0.16363636363636358,0.0,0.0
57283db6ff5b5019007d9fbd,minilm_c512_k3,minilm_c256_k3,0.0,0.0,0.0,1.0,0.0
57283db6ff5b5019007d9fc0,bge_small_c512_k5,minilm_c256_k5,0.19999999999999998,1.0,0.8,0.0,0.0
57284142ff5b5019007da00a,bge_small_c256_k3,minilm_c256_k3,0.4,1.0,0.6,0.0,0.0
57284456ff5b5019007da060,bge_small_c512_k3,minilm_c256_k5,0.33333333333333337,1.0,0.6666666666666666,0.0,0.0
5728455bff5b5019007da079,bge_small_c512_k3,minilm_c256_k3,0.35294117647058826,0.4,0.047058823529411764,0.0,0.0
5728455bff5b5019007da07c,bge_small_c512_k5,bge_small_c256_k3,0.33333333333333337,1.0,0.6666666666666666,0.0,0.0
572847dd4b864d19001648bd,bge_small_c256_k5,minilm_c256_k3,1.0,1.0,0.0,1.0,0.0
57284e9fff5b5019007da152,minilm_c512_k5,minilm_c256_k3,0.6666666666666666,1.0,0.33333333333333337,0.0,0.0
57284e9fff5b5019007da153,bge_small_c256_k3,minilm_c256_k3,0.25,0.25,0.0,1.0,0.0
57286ab72ca10214002da322,bge_small_c512_k3,minilm_c256_k5,1.0,1.0,0.0,1.0,0.0
57286c8cff5b5019007da21a,bge_small_c256_k3,minilm_c256_k3,0.33333333333333337,0.33333333333333337,0.0,1.0,0.0
57286f373acd2414000df9df,bge_small_c256_k5,bge_small_c256_k3,0.13333333333333333,1.0,0.8666666666666667,0.0,0.0
572879574b864d1900164a16,bge_small_c512_k3,bge_small_c256_k3,0.25,0.25,0.0,1.0,0.0
57287c2bff5b5019007da26d,bge_small_c512_k5,bge_small_c512_k3,0.653061224489796,0.9411764705882353,0.2881152460984393,0.0,0.0
57287fec4b864d1900164a3d,bge_small_c512_k5,minilm_c512_k3,0.6666666666666666,1.0,0.33333333333333337,0.0,0.0
57287fec4b864d1900164a3e,bge_small_c512_k5,minilm_c256_k3,1.0,1.0,0.0,1.0,0.0
5728809f2ca10214002da40c,bge_small_c256_k5,minilm_c512_k3,0.2222222222222222,0.33333333333333337,0.11111111111111116,0.0,0.0
572882242ca10214002da420,minilm_c256_k3,minilm_c256_k3,0.7368421052631579,0.7368421052631579,0.0,1.0,1.0
5728827b2ca10214002da42e,bge_small_c512_k3,minilm_c256_k3,0.25,0.25,0.0,1.0,0.0
572883153acd2414000dfa71,bge_small_c256_k5,minilm_c256_k3,0.5789473684210525,0.9166666666666666,0.3377192982456141,0.0,0.0
572885c44b864d1900164a78,bge_small_c256_k5,minilm_c256_k3,0.0851063829787234,0.5,0.4148936170212766,0.0,0.0
572885c44b864d1900164a7a,bge_small_c256_k3,minilm_c256_k3,0.2222222222222222,0.2222222222222222,0.0,1.0,0.0
5728eb1a3acd2414000e01c9,bge_small_c256_k3,minilm_c512_k5,0.6086956521739131,0.7659574468085107,0.15726179463459766,0.0,0.0
5728ebcb3acd2414000e01dd,bge_small_c512_k3,minilm_c256_k3,1.0,1.0,0.0,1.0,0.0
5728eff82ca10214002daadc,bge_small_c256_k3,minilm_c256_k3,0.2857142857142857,0.2857142857142857,0.0,1.0,0.0
5728f50baf94a219006a9e55,bge_small_c512_k3,minilm_c256_k5,0.0,0.16,0.16,0.0,0.0
5728f7774b864d1900165132,bge_small_c256_k3,minilm_c256_k3,0.4,0.4,0.0,1.0,0.0
5728fa576aef051400154921,bge_small_c256_k5,minilm_c512_k5,0.15789473684210528,0.25,0.09210526315789472,0.0,0.0
5728fb002ca10214002dab6e,bge_small_c512_k5,minilm_c256_k5,1.0,1.0,0.0,1.0,0.0
5728fd206aef05140015494c,bge_small_c256_k5,bge_small_c256_k3,0.23529411764705882,0.23529411764705882,0.0,1.0,0.0
572900f73f37b31900477f6a,bge_small_c256_k3,bge_small_c512_k3,0.3448275862068966,0.625,0.2801724137931034,0.0,0.0
57290d811d04691400778fd2,bge_small_c256_k5,minilm_c256_k3,0.0,0.0,0.0,1.0,0.0
57291a7b1d04691400779042,bge_small_c256_k5,minilm_c512_k5,0.06557377049180328,0.23529411764705885,0.16972034715525558,0.0,0.0
572922206aef051400154a8b,bge_small_c256_k5,minilm_c256_k3,0.07999999999999999,0.125,0.04500000000000001,0.0,0.0
572928bf6aef051400154af0,bge_small_c256_k5,minilm_c256_k3,0.2,0.4,0.2,0.0,0.0
57294209af94a219006aa204,bge_small_c256_k3,minilm_c512_k3,0.8484848484848484,1.0,0.1515151515151516,0.0,0.0
572949306aef051400154c69,bge_small_c512_k3,minilm_c256_k3,0.09090909090909091,0.09999999999999999,0.00909090909090908,0.0,0.0
57294baaaf94a219006aa26b,bge_small_c256_k3,minilm_c256_k5,0.7857142857142858,0.846153846153846,0.060439560439560225,0.0,0.0
572953013f37b31900478250,minilm_c512_k3,minilm_c256_k3,0.0,0.0,0.0,1.0,0.0
572957361d046914007792cf,bge_small_c256_k3,minilm_c256_k5,0.33333333333333337,1.0,0.6666666666666666,0.0,0.0
57295b5b1d04691400779316,bge_small_c256_k5,minilm_c256_k3,0.5833333333333334,0.6086956521739131,0.025362318840579712,0.0,0.0
5729645b3f37b31900478321,bge_small_c256_k3,minilm_c256_k3,0.5714285714285715,0.5714285714285715,0.0,1.0,0.0
572968cf1d046914007793cd,bge_small_c512_k3,minilm_c512_k3,0.16666666666666669,0.2857142857142857,0.11904761904761901,0.0,0.0
572968cf1d046914007793ce,bge_small_c256_k3,bge_small_c256_k5,0.2857142857142857,1.0,0.7142857142857143,0.0,0.0
57296a65af94a219006aa3c4,bge_small_c256_k3,minilm_c256_k5,0.6666666666666666,0.6666666666666666,0.0,1.0,0.0
57296b151d046914007793f4,minilm_c256_k3,minilm_c512_k5,0.3157894736842105,0.5,0.1842105263157895,0.0,0.0
57296cb21d04691400779407,bge_small_c256_k5,minilm_c256_k5,0.0,0.2857142857142857,0.2857142857142857,0.0,0.0
57296de03f37b3190047839b,bge_small_c512_k3,minilm_c512_k3,0.11764705882352941,1.0,0.8823529411764706,0.0,0.0
57296e43af94a219006aa3e5,bge_small_c256_k3,minilm_c256_k3,0.33333333333333337,0.33333333333333337,0.0,1.0,0.0
57296e43af94a219006aa3e6,bge_small_c512_k5,minilm_c512_k5,0.4285714285714285,0.5714285714285714,0.1428571428571429,0.0,0.0
57296e43af94a219006aa3e8,bge_small_c256_k3,minilm_c512_k3,0.5217391304347827,0.8275862068965517,0.305847076461769,0.0,0.0
57296f85af94a219006aa406,bge_small_c256_k5,minilm_c256_k3,1.0,1.0,0.0,1.0,0.0
572971af6aef051400154ede,bge_small_c512_k5,minilm_c256_k3,0.5,0.5,0.0,1.0,0.0
572972f46aef051400154ef6,bge_small_c512_k3,bge_small_c256_k5,0.15384615384615385,0.4,0.24615384615384617,0.0,0.0
57297547af94a219006aa45c,bge_small_c256_k3,minilm_c256_k3,1.0,1.0,0.0,1.0,0.0
572975511d046914007794a8,bge_small_c256_k3,minilm_c256_k3,1.0,1.0,0.0,1.0,0.0
572976183f37b31900478431,bge_small_c512_k3,minilm_c256_k5,0.7368421052631579,0.8421052631578948,0.10526315789473695,0.0,0.0
572976183f37b31900478434,bge_small_c512_k3,minilm_c256_k3,0.5,0.5,0.0,1.0,0.0
572978f91d046914007794d3,bge_small_c256_k3,minilm_c256_k3,0.21052631578947367,1.0,0.7894736842105263,0.0,0.0
57297991af94a219006aa4b7,bge_small_c256_k5,minilm_c256_k3,0.2608695652173913,0.32142857142857145,0.060559006211180155,0.0,0.0
57297ed93f37b31900478461,bge_small_c512_k3,minilm_c512_k3,0.4,1.0,0.6,0.0,0.0
572980f9af94a219006aa4d4,bge_small_c256_k3,minilm_c256_k3,0.5,0.8,0.30000000000000004,0.0,0.0
572985011d04691400779502,bge_small_c512_k5,minilm_c256_k5,1.0,1.0,0.0,1.0,0.0
572989846aef051400154fc3,bge_small_c512_k3,minilm_c512_k5,0.6153846153846153,0.6153846153846153,0.0,1.0,0.0
57299021af94a219006aa50f,minilm_c256_k3,minilm_c256_k3,1.0,1.0,0.0,1.0,1.0
57299326af94a219006aa517,bge_small_c256_k3,bge_small_c512_k5,0.10526315789473684,0.6666666666666666,0.5614035087719298,0.0,0.0
572995d46aef051400154fe8,bge_small_c512_k3,minilm_c256_k3,0.4444444444444445,0.5,0.055555555555555525,0.0,0.0
57299a6f6aef051400155018,bge_small_c512_k5,bge_small_c512_k3,0.5238095238095238,0.8148148148148148,0.29100529100529093,0.0,0.0
5729a26d6aef05140015505a,bge_small_c256_k3,minilm_c256_k3,0.5,0.5,0.0,1.0,0.0
5729d51d3f37b31900478593,bge_small_c512_k3,minilm_c256_k3,0.48,0.6956521739130436,0.2156521739130436,0.0,0.0
5729de24af94a219006aa68c,minilm_c256_k3,minilm_c256_k5,0.18181818181818182,0.25,0.06818181818181818,0.0,0.0
5729e2b76aef0514001550d0,bge_small_c512_k3,minilm_c256_k3,0.3170731707317074,0.44067796610169496,0.12360479536998759,0.0,0.0
5729e500af94a219006aa6b7,bge_small_c512_k5,bge_small_c256_k3,0.8,0.8,0.0,1.0,0.0
5729e6313f37b319004785ac,bge_small_c512_k3,minilm_c256_k5,0.18181818181818182,0.18181818181818182,0.0,1.0,0.0
5729f06f1d04691400779674,bge_small_c256_k3,minilm_c256_k3,1.0,1.0,0.0,1.0,0.0
5729f06f1d04691400779675,bge_small_c256_k5,minilm_c256_k5,0.888888888888889,1.0,0.11111111111111105,0.0,0.0
5729f0db6aef051400155129,bge_small_c512_k3,minilm_c256_k3,0.0,1.0,1.0,0.0,0.0
5729f5a03f37b31900478605,bge_small_c256_k5,minilm_c256_k3,0.72,0.72,0.0,1.0,0.0
5729f5a03f37b31900478609,bge_small_c512_k3,minilm_c512_k5,0.42857142857142855,0.6666666666666666,0.23809523809523808,0.0,0.0
5729f60caf94a219006aa6f3,bge_small_c256_k3,minilm_c256_k5,0.5333333333333333,1.0,0.4666666666666667,0.0,0.0
5729fb003f37b31900478627,bge_small_c512_k3,minilm_c256_k3,0.5217391304347826,0.5217391304347826,0.0,1.0,0.0
572a03a06aef0514001551ad,bge_small_c512_k3,minilm_c256_k5,0.2222222222222222,0.28571428571428575,0.06349206349206354,0.0,0.0
572a04d51d046914007796cd,bge_small_c512_k3,minilm_c256_k5,1.0,1.0,0.0,1.0,0.0
572a058aaf94a219006aa752,bge_small_c256_k3,minilm_c256_k3,1.0,1.0,0.0,1.0,0.0
572a06866aef0514001551c2,bge_small_c256_k3,minilm_c512_k5,0.2222222222222222,0.5,0.2777777777777778,0.0,0.0
572a07a86aef0514001551d5,bge_small_c256_k3,bge_small_c512_k5,0.5555555555555556,0.9090909090909091,0.3535353535353535,0.0,0.0
572a07fc6aef0514001551df,bge_small_c256_k3,minilm_c256_k3,0.4,0.4,0.0,1.0,0.0
572a0c541d046914007796f5,bge_small_c512_k5,minilm_c512_k3,0.11764705882352941,0.16666666666666669,0.049019607843137275,0.0,0.0
572a0ce11d04691400779700,bge_small_c512_k3,minilm_c256_k3,1.0,1.0,0.0,1.0,0.0
572a12381d0469140077972f,bge_small_c256_k3,minilm_c256_k3,0.5714285714285715,0.5714285714285715,0.0,1.0,0.0
572a18a4af94a219006aa7df,bge_small_c256_k3,minilm_c256_k3,0.125,0.125,0.0,1.0,0.0
572a213e6aef0514001552ee,bge_small_c512_k5,minilm_c512_k3,0.33333333333333337,1.0,0.6666666666666666,0.0,0.0
572f57c704bcaa1900d7686f,bge_small_c256_k3,minilm_c256_k5,0.42857142857142855,1.0,0.5714285714285714,0.0,0.0
572f58d9a23a5019007fc57f,bge_small_c256_k3,minilm_c256_k3,0.0,0.0,0.0,1.0,0.0
572f60f4947a6a140053c8ed,bge_small_c256_k5,minilm_c256_k3,0.5454545454545454,0.5454545454545454,0.0,1.0,0.0
572f6c85947a6a140053c942,bge_small_c256_k3,minilm_c256_k5,1.0,1.0,0.0,1.0,0.0
572f7b33947a6a140053c9a2,bge_small_c256_k5,bge_small_c256_k5,0.23529411764705882,0.23529411764705882,0.0,1.0,1.0
572fadcbb2c2fd1400568329,bge_small_c256_k3,minilm_c512_k3,0.05714285714285715,1.0,0.9428571428571428,0.0,0.0
572fae4b04bcaa1900d76be0,bge_small_c256_k3,minilm_c256_k5,0.14285714285714285,0.2666666666666667,0.12380952380952387,0.0,0.0
572fb059947a6a140053cb80,bge_small_c256_k5,minilm_c256_k3,0.6153846153846153,0.6153846153846153,0.0,1.0,0.0
572fbfa504bcaa1900d76c75,minilm_c256_k3,bge_small_c256_k3,0.25,0.33333333333333337,0.08333333333333337,0.0,0.0
572fc043a23a5019007fc95e,bge_small_c256_k3,minilm_c256_k5,0.47058823529411764,1.0,0.5294117647058824,0.0,0.0
572fc49d04bcaa1900d76ccf,bge_small_c512_k5,bge_small_c512_k3,0.2222222222222222,0.6666666666666666,0.4444444444444444,0.0,0.0
572fc659b2c2fd140056844b,bge_small_c256_k3,minilm_c256_k5,0.3157894736842105,0.33333333333333337,0.01754385964912286,0.0,0.0
572fcc43b2c2fd140056847f,bge_small_c256_k5,bge_small_c512_k3,0.13333333333333333,0.4,0.2666666666666667,0.0,0.0
572fd264b2c2fd14005684a9,bge_small_c256_k3,bge_small_c256_k5,0.18181818181818182,0.25,0.06818181818181818,0.0,0.0
572fd264b2c2fd14005684ab,bge_small_c256_k3,minilm_c256_k3,0.0,0.33333333333333337,0.33333333333333337,0.0,0.0
572fd6aa04bcaa1900d76da0,bge_small_c256_k5,minilm_c256_k3,1.0,1.0,0.0,1.0,0.0
572fd73e947a6a140053cd34,bge_small_c512_k5,minilm_c256_k3,0.7096774193548387,0.88,0.17032258064516126,0.0,0.0
572fe53104bcaa1900d76e6c,bge_small_c256_k5,minilm_c256_k3,0.33333333333333337,0.33333333333333337,0.0,1.0,0.0
572fe60fb2c2fd140056858c,bge_small_c512_k5,minilm_c256_k5,0.046511627906976744,1.0,0.9534883720930233,0.0,0.0
572ff4ca04bcaa1900d76f25,bge_small_c256_k5,bge_small_c512_k3,0.12903225806451613,0.18181818181818182,0.0527859237536657,0.0,0.0
572ff890a23a5019007fcbcd,bge_small_c512_k3,minilm_c512_k5,1.0,1.0,0.0,1.0,0.0
572ffa79a23a5019007fcbea,bge_small_c256_k5,bge_small_c256_k3,0.1904761904761905,0.5714285714285715,0.38095238095238104,0.0,0.0
572ffabf04bcaa1900d76fa3,bge_small_c512_k5,minilm_c512_k5,0.2857142857142857,0.8,0.5142857142857143,0.0,0.0
572ffbaa947a6a140053ceea,minilm_c512_k3,minilm_c256_k3,0.5714285714285715,0.6153846153846153,0.0439560439560438,0.0,0.0
572ffd9e04bcaa1900d76fcb,bge_small_c512_k5,minilm_c256_k5,0.0,0.25,0.25,0.0,0.0
572fff45947a6a140053cf29,bge_small_c512_k3,minilm_c256_k3,0.0,0.0,0.0,1.0,0.0
5730005db2c2fd1400568707,bge_small_c256_k3,minilm_c256_k3,0.35294117647058826,1.0,0.6470588235294117,0.0,0.0
5730131c947a6a140053d053,bge_small_c512_k5,minilm_c256_k3,0.5,0.6666666666666666,0.16666666666666663,0.0,0.0
573020f7b2c2fd14005688f7,minilm_c256_k3,minilm_c256_k3,1.0,1.0,0.0,1.0,1.0
573027d6a23a5019007fcea1,bge_small_c256_k3,minilm_c256_k3,0.4210526315789474,0.4210526315789474,0.0,1.0,0.0
573028fa04bcaa1900d7728a,bge_small_c512_k3,minilm_c256_k5,0.25,1.0,0.75,0.0,0.0
57302a3aa23a5019007fcecf,bge_small_c512_k3,minilm_c256_k3,1.0,1.0,0.0,1.0,0.0
57303048947a6a140053d258,bge_small_c256_k3,minilm_c256_k3,0.4,0.4,0.0,1.0,0.0
57308f6b8ab72b1400f9c581,bge_small_c512_k5,minilm_c512_k3,0.0,0.6666666666666666,0.6666666666666666,0.0,0.0
57309564069b5314008321a9,bge_small_c256_k3,bge_small_c256_k3,0.375,0.375,0.0,1.0,1.0
57309a6c2461fd1900a9cf03,bge_small_c512_k5,bge_small_c256_k3,0.5333333333333333,1.0,0.4666666666666667,0.0,0.0
57309ef18ab72b1400f9c604,bge_small_c512_k3,minilm_c256_k5,0.1951219512195122,0.20512820512820512,0.01000625390869292,0.0,0.0
5730a951069b531400832215,bge_small_c512_k3,bge_small_c512_k5,0.2608695652173913,0.3902439024390244,0.1293743372216331,0.0,0.0
5730aa52069b531400832220,bge_small_c256_k5,minilm_c256_k5,0.25,0.25,0.0,1.0,0.0
5730aa52069b531400832221,bge_small_c512_k5,minilm_c256_k3,0.19999999999999998,0.19999999999999998,0.0,1.0,0.0
5730b6592461fd1900a9cfd1,bge_small_c256_k5,minilm_c256_k3,1.0,1.0,0.0,1.0,0.0
5730b6bd2461fd1900a9cfd7,bge_small_c256_k3,minilm_c256_k3,0.1904761904761905,0.1904761904761905,0.0,1.0,0.0
5730b7ce069b5314008322c6,bge_small_c256_k5,bge_small_c256_k3,0.07142857142857142,0.125,0.053571428571428575,0.0,0.0
5730cb0fb7151e1900c0154c,bge_small_c256_k3,minilm_c256_k5,0.375,1.0,0.625,0.0,0.0
5730d3adaca1c71400fe5af6,bge_small_c256_k3,bge_small_c512_k3,0.0,0.21052631578947367,0.21052631578947367,0.0,0.0
5730de74f6cb411900e244fd,bge_small_c256_k3,minilm_c256_k5,0.3243243243243243,0.41379310344827586,0.08946877912395157,0.0,0.0
5730e9f4aca1c71400fe5b75,bge_small_c256_k3,bge_small_c512_k5,0.6666666666666666,1.0,0.33333333333333337,0.0,0.0
573166ede6313a140071cef4,bge_small_c256_k3,minilm_c256_k3,0.5714285714285715,0.5714285714285715,0.0,1.0,0.0
57332442d058e614000b5722,bge_small_c512_k3,minilm_c512_k3,0.25,0.25,0.0,1.0,0.0
57332a734776f41900660728,bge_small_c256_k3,minilm_c512_k3,0.2857142857142857,0.6666666666666666,0.38095238095238093,0.0,0.0
57332b66d058e614000b575a,bge_small_c512_k5,minilm_c512_k3,0.11764705882352941,1.0,0.8823529411764706,0.0,0.0
57332f81d058e614000b5776,bge_small_c256_k3,minilm_c256_k5,0.5,0.5,0.0,1.0,0.0
573330444776f4190066075c,bge_small_c256_k5,bge_small_c256_k3,0.4210526315789474,0.4444444444444445,0.023391812865497075,0.0,0.0
5733314e4776f4190066076b,bge_small_c512_k5,minilm_c256_k3,0.0,0.6666666666666666,0.6666666666666666,0.0,0.0
57335c20d058e614000b58f9,bge_small_c512_k5,minilm_c256_k3,0.0909090909090909,0.2222222222222222,0.13131313131313133,0.0,0.0
5733638fd058e614000b59ec,bge_small_c256_k3,bge_small_c256_k3,0.4,0.4,0.0,1.0,1.0
5733647e4776f419006609b2,bge_small_c512_k3,bge_small_c256_k5,0.35294117647058826,0.35294117647058826,0.0,1.0,0.0
57337ddc4776f41900660bbc,bge_small_c256_k3,minilm_c256_k3,0.6666666666666666,0.7777777777777778,0.11111111111111116,0.0,0.0
57337ea24776f41900660bd1,bge_small_c512_k3,bge_small_c512_k5,0.25,0.33333333333333337,0.08333333333333337,0.0,0.0
5733834ed058e614000b5c29,bge_small_c256_k5,bge_small_c512_k5,0.14285714285714288,0.16666666666666669,0.023809523809523808,0.0,0.0
57339555d058e614000b5df6,bge_small_c256_k3,minilm_c256_k3,0.5714285714285715,0.5714285714285715,0.0,1.0,0.0
5733a45d4776f41900660f26,bge_small_c512_k5,minilm_c256_k3,0.19999999999999998,0.19999999999999998,0.0,1.0,0.0
5733d2dbd058e614000b633a,bge_small_c256_k3,minilm_c256_k5,0.5217391304347827,0.9411764705882353,0.4194373401534526,0.0,0.0
5733dd4f4776f419006613ac,bge_small_c256_k5,minilm_c256_k5,0.8571428571428571,0.8571428571428571,0.0,1.0,0.0
5733f309d058e614000b664a,bge_small_c512_k5,minilm_c512_k3,0.7450980392156863,0.7843137254901961,0.039215686274509776,0.0,0.0
5733f8dc4776f419006615f9,bge_small_c256_k5,minilm_c256_k3,0.7368421052631579,0.7368421052631579,0.0,1.0,0.0
57340549d058e614000b67de,bge_small_c256_k3,bge_small_c256_k3,0.4799999999999999,0.4799999999999999,0.0,1.0,1.0
5737477bc3c5551400e51ea5,bge_small_c256_k5,minilm_c256_k3,0.3636363636363637,0.43478260869565216,0.07114624505928846,0.0,0.0
5737477bc3c5551400e51ea6,bge_small_c256_k3,minilm_c256_k3,1.0,1.0,0.0,1.0,0.0
5737534ec3c5551400e51eab,bge_small_c256_k3,minilm_c256_k5,0.7499999999999999,1.0,0.2500000000000001,0.0,0.0
57376828c3c5551400e51eba,bge_small_c256_k3,minilm_c256_k5,1.0,1.0,0.0,1.0,0.0
573776eec3c5551400e51ee9,bge_small_c512_k3,minilm_c256_k3,1.0,1.0,0.0,1.0,0.0
5737821cc3c5551400e51f1a,bge_small_c256_k5,bge_small_c256_k3,0.4,1.0,0.6,0.0,0.0
573786b51c4567190057448d,bge_small_c512_k3,minilm_c256_k5,0.0,0.24000000000000002,0.24000000000000002,0.0,0.0
5737898f1c45671900574496,bge_small_c512_k3,minilm_c256_k3,1.0,1.0,0.0,1.0,0.0
57378e311c456719005744b3,bge_small_c512_k3,minilm_c512_k3,1.0,1.0,0.0,1.0,0.0
5737958ac3c5551400e51f2c,bge_small_c256_k5,bge_small_c512_k3,0.1111111111111111,0.15789473684210528,0.04678362573099418,0.0,0.0
57379ed81c456719005744d8,bge_small_c256_k5,minilm_c256_k5,0.14545454545454545,0.21739130434782608,0.07193675889328063,0.0,0.0
